{
  "arch": "efficientnet_b0",
  "pretrained": true,
  "image_size": 224,
  "components": [
    "vari-grip",
    "lightning-rod-suspension",
    "polymer-insulator-upper-shackle",
    "glass-insulator",
    "yoke-suspension"
  ],
  "component_to_idx": {
    "vari-grip": 0,
    "lightning-rod-suspension": 1,
    "polymer-insulator-upper-shackle": 2,
    "glass-insulator": 3,
    "yoke-suspension": 4
  },
  "specialist_components": [
    "vari-grip",
    "glass-insulator",
    "yoke-suspension"
  ],
  "route_thresholds": {
    "glass-insulator": 0.2738637626171112,
    "global": 0.7483325600624084,
    "vari-grip": 0.3328185975551605,
    "yoke-suspension": 0.7374388575553894
  },
  "route_results": {
    "glass-insulator": {
      "used_fallback": false,
      "threshold": 0.2738637626171112,
      "precision": 0.9710144927536232,
      "recall": 0.9925925925925926,
      "f1": 0.9816849816849816,
      "accuracy": 0.9803921568627451,
      "positives": 138
    },
    "global": {
      "used_fallback": false,
      "threshold": 0.7483325600624084,
      "precision": 1.0,
      "recall": 1.0,
      "f1": 1.0,
      "accuracy": 1.0,
      "positives": 16
    },
    "vari-grip": {
      "used_fallback": false,
      "threshold": 0.3328185975551605,
      "precision": 0.9846153846153847,
      "recall": 1.0,
      "f1": 0.9922480620155039,
      "accuracy": 0.9899497487437185,
      "positives": 130
    },
    "yoke-suspension": {
      "used_fallback": false,
      "threshold": 0.7374388575553894,
      "precision": 1.0,
      "recall": 0.9583333333333334,
      "f1": 0.9787234042553191,
      "accuracy": 0.9880952380952381,
      "positives": 23
    }
  },
  "validation_metrics": {
    "component_accuracy": 1.0,
    "defect_accuracy": 0.9897039897039897,
    "defect_precision": 0.9804560260586319,
    "defect_recall": 0.9933993399339934,
    "defect_f1": 0.9868852459016394
  },
  "component_training_metrics": {
    "accuracy": 1.0
  },
  "global_defect_metrics": {
    "threshold": 0.3973488211631775,
    "precision": 0.9771241830065359,
    "recall": 0.9867986798679867,
    "f1": 0.9819376026272578,
    "accuracy": 0.9858429858429858
  },
  "specialist_metrics": {
    "vari-grip": {
      "threshold": 0.3328185975551605,
      "precision": 0.9846153846153847,
      "recall": 1.0,
      "f1": 0.9922480620155039,
      "accuracy": 0.9899497487437185
    },
    "glass-insulator": {
      "threshold": 0.2738637626171112,
      "precision": 0.9710144927536232,
      "recall": 0.9925925925925926,
      "f1": 0.9816849816849816,
      "accuracy": 0.9803921568627451
    },
    "yoke-suspension": {
      "threshold": 0.7374388575553894,
      "precision": 1.0,
      "recall": 0.9583333333333334,
      "f1": 0.9787234042553191,
      "accuracy": 0.9880952380952381
    }
  }
}